<?xml version="1.0" encoding="UTF-8"?>
<project-private xmlns="http://www.netbeans.org/ns/project-private/1">
    <editor-bookmarks xmlns="http://www.netbeans.org/ns/editor-bookmarks/2" lastBookmarkId="0"/>
    <open-files xmlns="http://www.netbeans.org/ns/projectui-open-files/2">
        <group>
            <file>file:/C:/Users/binhd/Documents/NetBeansProjects/TourManagementMVC/src/tourmanagementmvc/Main.java</file>
            <file>file:/C:/Users/binhd/Documents/NetBeansProjects/TourManagementMVC/src/tourmanagementmvc/view/LoginView.java</file>
            <file>file:/C:/Users/binhd/Documents/NetBeansProjects/TourManagementMVC/src/tourmanagementmvc/controller/LoginController.java</file>
            <file>file:/C:/Users/binhd/Documents/NetBeansProjects/TourManagementMVC/src/tourmanagementmvc/view/RegisterView.java</file>
            <file>file:/C:/Users/binhd/Documents/NetBeansProjects/TourManagementMVC/src/tourmanagementmvc/db/DBInitializer.java</file>
            <file>file:/C:/Users/binhd/Documents/NetBeansProjects/TourManagementMVC/src/tourmanagementmvc/controller/BookingController.java</file>
            <file>file:/C:/Users/binhd/Documents/NetBeansProjects/TourManagementMVC/src/tourmanagementmvc/view/BookingView.java</file>
            <file>file:/C:/Users/binhd/Documents/NetBeansProjects/TourManagementMVC/src/tourmanagementmvc/view/TourView.java</file>
        </group>
    </open-files>
</project-private>
